{"cameraMode":{"drawMode":0,"name":"Shaded","section":"Shading Mode"},"sceneLighting":true,"audioPlay":false,"sceneViewState":{"m_AlwaysRefresh":false,"showFog":true,"showSkybox":true,"showFlares":true,"showImageEffects":true,"showParticleSystems":true,"showVisualEffectGraphs":true,"m_FxEnabled":true},"in2DMode":false,"pivot":{"x":6.717187404632568,"y":0.8218405246734619,"z":-14.066327095031739},"rotation":{"x":0.122036412358284,"y":-0.4290972948074341,"z":0.054212041199207309,"w":0.8939946889877319},"size":1.1289061307907105,"orthographic":false}