{"cameraMode":{"drawMode":0,"name":"Shaded","section":"Shading Mode"},"sceneLighting":false,"audioPlay":false,"sceneViewState":{"m_AlwaysRefresh":false,"showFog":true,"showSkybox":true,"showFlares":true,"showImageEffects":true,"showParticleSystems":true,"showVisualEffectGraphs":true,"m_FxEnabled":true},"in2DMode":false,"pivot":{"x":9.782326698303223,"y":36.91347885131836,"z":-1.5781344175338746},"rotation":{"x":-0.004980238154530525,"y":0.7418098449707031,"z":-0.6709845662117004,"w":-0.005685554817318916},"size":1.1289061307907105,"orthographic":false}