{"cameraMode":{"drawMode":0,"name":"Shaded","section":"Shading Mode"},"sceneLighting":true,"audioPlay":false,"sceneViewState":{"m_AlwaysRefresh":true,"showFog":true,"showSkybox":true,"showFlares":true,"showImageEffects":true,"showParticleSystems":true,"showVisualEffectGraphs":true,"m_FxEnabled":true},"in2DMode":false,"pivot":{"x":8.904550552368164,"y":1.0654759407043458,"z":-14.724187850952149},"rotation":{"x":0.011051191948354245,"y":0.8853207230567932,"z":-0.02833659201860428,"w":0.46402788162231448},"size":1.1289061307907105,"orthographic":false}